{
  "lang":"en",
  "name":"pipeline",
  "version":"0.0.0",
  "spacy_version":">=3.4.3,<3.5.0",
  "description":"",
  "author":"",
  "email":"",
  "url":"",
  "license":"",
  "spacy_git_version":"63673a792",
  "vectors":{
    "width":0,
    "vectors":0,
    "keys":0,
    "name":null,
    "mode":"default"
  },
  "labels":{
    "tok2vec":[

    ],
    "ner":[
      "B-DES",
      "B-EMAIL",
      "B-NAME",
      "B-ORG",
      "B-PHOE",
      "B-PHONE",
      "B-WEB",
      "DES",
      "EMAIL",
      "I-DE",
      "I-DES",
      "I-EMAIL",
      "I-NAME",
      "I-OR",
      "I-ORG",
      "I-PHONE",
      "I-WEB",
      "NAME",
      "ORG",
      "PHONE"
    ]
  },
  "pipeline":[
    "tok2vec",
    "ner"
  ],
  "components":[
    "tok2vec",
    "ner"
  ],
  "disabled":[

  ],
  "performance":{
    "ents_f":0.6332378223,
    "ents_p":0.6863354037,
    "ents_r":0.5877659574,
    "ents_per_type":{
      "B-NAME":{
        "p":0.75,
        "r":0.5454545455,
        "f":0.6315789474
      },
      "I-NAME":{
        "p":0.84,
        "r":0.6363636364,
        "f":0.724137931
      },
      "B-DES":{
        "p":0.3636363636,
        "r":0.4210526316,
        "f":0.3902439024
      },
      "I-DES":{
        "p":0.7083333333,
        "r":0.5483870968,
        "f":0.6181818182
      },
      "B-ORG":{
        "p":0.3846153846,
        "r":0.3846153846,
        "f":0.3846153846
      },
      "I-ORG":{
        "p":0.7183098592,
        "r":0.6891891892,
        "f":0.7034482759
      },
      "B-PHONE":{
        "p":0.7391304348,
        "r":0.7391304348,
        "f":0.7391304348
      },
      "I-PHONE":{
        "p":0.7708333333,
        "r":0.578125,
        "f":0.6607142857
      },
      "B-WEB":{
        "p":0.8,
        "r":0.7058823529,
        "f":0.75
      },
      "B-EMAIL":{
        "p":0.7391304348,
        "r":0.7391304348,
        "f":0.7391304348
      },
      "PHONE":{
        "p":0.0,
        "r":0.0,
        "f":0.0
      },
      "I-EMAIL":{
        "p":0.3333333333,
        "r":0.2,
        "f":0.25
      },
      "NAME":{
        "p":0.0,
        "r":0.0,
        "f":0.0
      },
      "I-WEB":{
        "p":0.0,
        "r":0.0,
        "f":0.0
      },
      "WEB":{
        "p":0.0,
        "r":0.0,
        "f":0.0
      }
    },
    "tok2vec_loss":445.5792235399,
    "ner_loss":267.435567312
  }
}