{
  "lang":"en",
  "name":"pipeline",
  "version":"0.0.0",
  "spacy_version":">=3.4.3,<3.5.0",
  "description":"",
  "author":"",
  "email":"",
  "url":"",
  "license":"",
  "spacy_git_version":"63673a792",
  "vectors":{
    "width":0,
    "vectors":0,
    "keys":0,
    "name":null,
    "mode":"default"
  },
  "labels":{
    "tok2vec":[

    ],
    "ner":[
      "B-DES",
      "B-EMAIL",
      "B-NAME",
      "B-ORG",
      "B-PHOE",
      "B-PHONE",
      "B-WEB",
      "DES",
      "EMAIL",
      "I-DE",
      "I-DES",
      "I-EMAIL",
      "I-NAME",
      "I-OR",
      "I-ORG",
      "I-PHONE",
      "I-WEB",
      "NAME",
      "ORG",
      "PHONE"
    ]
  },
  "pipeline":[
    "tok2vec",
    "ner"
  ],
  "components":[
    "tok2vec",
    "ner"
  ],
  "disabled":[

  ],
  "performance":{
    "ents_f":0.6559766764,
    "ents_p":0.7258064516,
    "ents_r":0.5984042553,
    "ents_per_type":{
      "B-NAME":{
        "p":0.619047619,
        "r":0.5909090909,
        "f":0.6046511628
      },
      "I-NAME":{
        "p":0.8076923077,
        "r":0.6363636364,
        "f":0.7118644068
      },
      "B-DES":{
        "p":0.6,
        "r":0.4736842105,
        "f":0.5294117647
      },
      "I-DES":{
        "p":0.7391304348,
        "r":0.5483870968,
        "f":0.6296296296
      },
      "B-ORG":{
        "p":0.4782608696,
        "r":0.4230769231,
        "f":0.4489795918
      },
      "I-ORG":{
        "p":0.7288135593,
        "r":0.5810810811,
        "f":0.6466165414
      },
      "B-PHONE":{
        "p":0.8222222222,
        "r":0.8043478261,
        "f":0.8131868132
      },
      "I-PHONE":{
        "p":0.7118644068,
        "r":0.65625,
        "f":0.6829268293
      },
      "B-EMAIL":{
        "p":0.9,
        "r":0.7826086957,
        "f":0.8372093023
      },
      "B-WEB":{
        "p":0.8,
        "r":0.7058823529,
        "f":0.75
      },
      "PHONE":{
        "p":0.0,
        "r":0.0,
        "f":0.0
      },
      "I-EMAIL":{
        "p":0.5,
        "r":0.2,
        "f":0.2857142857
      },
      "NAME":{
        "p":0.0,
        "r":0.0,
        "f":0.0
      },
      "I-WEB":{
        "p":0.0,
        "r":0.0,
        "f":0.0
      },
      "WEB":{
        "p":0.0,
        "r":0.0,
        "f":0.0
      }
    },
    "tok2vec_loss":439.3661127548,
    "ner_loss":278.2819222254
  }
}